Datetime,Water Level (m)
2025-07-24 12:00:00,0.39041778
2025-07-24 13:00:00,0.17037028
2025-07-24 14:00:00,-0.010160943
2025-07-24 15:00:00,-0.14967515
2025-07-24 16:00:00,-0.15653989
2025-07-24 17:00:00,0.27728495
2025-07-24 18:00:00,0.7735367
2025-07-24 19:00:00,1.169342
2025-07-24 20:00:00,1.3808831
2025-07-24 21:00:00,1.3011457
2025-07-24 22:00:00,0.95080346
2025-07-24 23:00:00,0.6088783
2025-07-25 00:00:00,0.34835723
2025-07-25 01:00:00,0.1424191
2025-07-25 02:00:00,-0.026782833
2025-07-25 03:00:00,-0.14896232
2025-07-25 04:00:00,-0.037917957
2025-07-25 05:00:00,0.49914417
2025-07-25 06:00:00,1.0535862
2025-07-25 07:00:00,1.5070431
2025-07-25 08:00:00,1.7254093
2025-07-25 09:00:00,1.7858566
2025-07-25 10:00:00,1.5969112
2025-07-25 11:00:00,1.2222043
2025-07-25 12:00:00,0.8934331
2025-07-25 13:00:00,0.65287435
2025-07-25 14:00:00,0.456773
2025-07-25 15:00:00,0.29723266
2025-07-25 16:00:00,0.18537451
2025-07-25 17:00:00,0.37732303
2025-07-25 18:00:00,0.9182494
2025-07-25 19:00:00,1.3981042
2025-07-25 20:00:00,1.6799226
2025-07-25 21:00:00,1.7421966
2025-07-25 22:00:00,1.5292627
2025-07-25 23:00:00,1.1435878
2025-07-26 00:00:00,0.8137711
2025-07-26 01:00:00,0.5533486
2025-07-26 02:00:00,0.34619147
2025-07-26 03:00:00,0.18663223
2025-07-26 04:00:00,0.076322235
2025-07-26 05:00:00,0.2841038
2025-07-26 06:00:00,0.8855158
2025-07-26 07:00:00,1.4469954
2025-07-26 08:00:00,1.8271096
2025-07-26 09:00:00,1.9835975
2025-07-26 10:00:00,1.8846457
2025-07-26 11:00:00,1.5141696
2025-07-26 12:00:00,1.116621
2025-07-26 13:00:00,0.8100791
2025-07-26 14:00:00,0.56929326
2025-07-26 15:00:00,0.36702025
2025-07-26 16:00:00,0.20699564
2025-07-26 17:00:00,0.11139248
2025-07-26 18:00:00,0.42871085
2025-07-26 19:00:00,0.98609066
2025-07-26 20:00:00,1.4169626
2025-07-26 21:00:00,1.6425996
2025-07-26 22:00:00,1.6246313
2025-07-26 23:00:00,1.3101652
2025-07-27 00:00:00,0.95123756
2025-07-27 01:00:00,0.6634608
2025-07-27 02:00:00,0.43649328
2025-07-27 03:00:00,0.25058988
2025-07-27 04:00:00,0.09621442
2025-07-27 05:00:00,0.012158435
2025-07-27 06:00:00,0.34919178
2025-07-27 07:00:00,0.9175155
2025-07-27 08:00:00,1.4103689
2025-07-27 09:00:00,1.7277821
2025-07-27 10:00:00,1.8246706
2025-07-27 11:00:00,1.6301433
2025-07-27 12:00:00,1.228584
2025-07-27 13:00:00,0.886509
2025-07-27 14:00:00,0.61844087
2025-07-27 15:00:00,0.4024361
2025-07-27 16:00:00,0.221541
2025-07-27 17:00:00,0.07584125
2025-07-27 18:00:00,0.07939024
2025-07-27 19:00:00,0.5766229
2025-07-27 20:00:00,1.0837227
2025-07-27 21:00:00,1.4400076
2025-07-27 22:00:00,1.5759636
2025-07-27 23:00:00,1.4274727
2025-07-28 00:00:00,1.0768877
2025-07-28 01:00:00,0.76807076
2025-07-28 02:00:00,0.5232067
2025-07-28 03:00:00,0.31951433
2025-07-28 04:00:00,0.15239723
2025-07-28 05:00:00,0.011831159
2025-07-28 06:00:00,0.009007882
2025-07-28 07:00:00,0.48802745
2025-07-28 08:00:00,1.0392807
2025-07-28 09:00:00,1.4751929
2025-07-28 10:00:00,1.6874273
2025-07-28 11:00:00,1.6403886
2025-07-28 12:00:00,1.3093348
2025-07-28 13:00:00,0.9542208
2025-07-28 14:00:00,0.67562276
2025-07-28 15:00:00,0.4545519
2025-07-28 16:00:00,0.26961392
2025-07-28 17:00:00,0.11448291
2025-07-28 18:00:00,0.009434821
2025-07-28 19:00:00,0.23121025
2025-07-28 20:00:00,0.77434623
2025-07-28 21:00:00,1.2233961
2025-07-28 22:00:00,1.5030055
2025-07-28 23:00:00,1.5344237
2025-07-29 00:00:00,1.273319
2025-07-29 01:00:00,0.9339122
2025-07-29 02:00:00,0.6609795
2025-07-29 03:00:00,0.44458595
2025-07-29 04:00:00,0.2657218
2025-07-29 05:00:00,0.11786627
2025-07-29 06:00:00,0.026477033
2025-07-29 07:00:00,0.28107202
2025-07-29 08:00:00,0.82828
2025-07-29 09:00:00,1.2992818
2025-07-29 10:00:00,1.6021526
2025-07-29 11:00:00,1.6749364
2025-07-29 12:00:00,1.4623246
2025-07-29 13:00:00,1.1030544
2025-07-29 14:00:00,0.80658096
2025-07-29 15:00:00,0.5714397
2025-07-29 16:00:00,0.37685665
2025-07-29 17:00:00,0.21415961
2025-07-29 18:00:00,0.08586906
2025-07-29 19:00:00,0.08626441
2025-07-29 20:00:00,0.53543305
2025-07-29 21:00:00,1.030126
2025-07-29 22:00:00,1.3783619
2025-07-29 23:00:00,1.5247365
2025-07-30 00:00:00,1.3906956
2025-07-30 01:00:00,1.0716784
2025-07-30 02:00:00,0.7836677
2025-07-30 03:00:00,0.5583591
2025-07-30 04:00:00,0.3730838
2025-07-30 05:00:00,0.2224564
2025-07-30 06:00:00,0.111149065
2025-07-30 07:00:00,0.13872647
2025-07-30 08:00:00,0.5778901
2025-07-30 09:00:00,1.0704416
2025-07-30 10:00:00,1.4379935
2025-07-30 11:00:00,1.6109784
2025-07-30 12:00:00,1.529443
